{"app":["/app-e8c96cc1e206856e48bb.js"],"component---src-pages-404-js":["/component---src-pages-404-js-2478af101bcef4ee78ca.js"],"component---src-pages-about-us-js":["/component---src-pages-about-us-js-895db23408bd33035f53.js"],"component---src-pages-blog-js":["/component---src-pages-blog-js-4a7aeebb5d4afb23112d.js"],"component---src-pages-contact-us-js":["/component---src-pages-contact-us-js-72ac1e2c2f2116f78a4d.js"],"component---src-pages-faq-js":["/component---src-pages-faq-js-d433d53bd9a43facd49f.js"],"component---src-pages-good-neighbor-js":["/component---src-pages-good-neighbor-js-655358c4bcc64a0ce978.js"],"component---src-pages-import-data-js":["/component---src-pages-import-data-js-a3e7ca57eefb6d928022.js"],"component---src-pages-index-js":["/component---src-pages-index-js-6bfa6158410d9e74abd7.js"],"component---src-pages-management-js":["/component---src-pages-management-js-361a202fdebebc4b49aa.js"],"component---src-pages-page-2-js":["/component---src-pages-page-2-js-667a6b25e53670fa96ef.js"],"component---src-pages-privacy-policy-js":["/component---src-pages-privacy-policy-js-f253e8055a90fbccdeec.js"],"component---src-pages-properties-detail-js":["/component---src-pages-properties-detail-js-eb5d2930c8135b52f580.js"],"component---src-pages-properties-js":["/component---src-pages-properties-js-f53b0fa9368b9d2fe265.js"],"component---src-pages-rental-agreement-js":["/component---src-pages-rental-agreement-js-31202acce50fd0e7aafd.js"],"component---src-pages-using-ssr-js":["/component---src-pages-using-ssr-js-f42764796cd0a224bad7.js"],"component---src-pages-using-typescript-tsx":["/component---src-pages-using-typescript-tsx-4f2758a98917f9f84641.js"]}