{"name":"build-javascript","namedChunkGroups":{"app":{"name":"app","assets":[{"name":"webpack-runtime-4f4154e5345bc26d6e11.js","size":6332},{"name":"framework-7fba185ab6dd38e2e7c9.js","size":141439},{"name":"app-e8c96cc1e206856e48bb.js","size":69785}],"filteredAssets":0,"assetsSize":217556,"filteredAuxiliaryAssets":3,"auxiliaryAssetsSize":623732},"component---src-pages-404-js":{"name":"component---src-pages-404-js","assets":[{"name":"styles.b9048438553eeafc66cd.css","size":68007},{"name":"7bd54ad640a90271f6ff3fe4ebb299c362cb897c-32e0dbfc69e20747707f.js","size":34486},{"name":"component---src-pages-404-js-2478af101bcef4ee78ca.js","size":1384}],"filteredAssets":0,"assetsSize":103877,"filteredAuxiliaryAssets":5,"auxiliaryAssetsSize":498951},"component---src-pages-about-us-js":{"name":"component---src-pages-about-us-js","assets":[{"name":"styles.b9048438553eeafc66cd.css","size":68007},{"name":"7bd54ad640a90271f6ff3fe4ebb299c362cb897c-32e0dbfc69e20747707f.js","size":34486},{"name":"component---src-pages-about-us-js-895db23408bd33035f53.js","size":5718}],"filteredAssets":0,"assetsSize":108211,"filteredAuxiliaryAssets":5,"auxiliaryAssetsSize":503757},"component---src-pages-blog-js":{"name":"component---src-pages-blog-js","assets":[{"name":"styles.b9048438553eeafc66cd.css","size":68007},{"name":"7bd54ad640a90271f6ff3fe4ebb299c362cb897c-32e0dbfc69e20747707f.js","size":34486},{"name":"component---src-pages-blog-js-4a7aeebb5d4afb23112d.js","size":1602}],"filteredAssets":0,"assetsSize":104095,"filteredAuxiliaryAssets":5,"auxiliaryAssetsSize":498127},"component---src-pages-contact-us-js":{"name":"component---src-pages-contact-us-js","assets":[{"name":"styles.b9048438553eeafc66cd.css","size":68007},{"name":"7bd54ad640a90271f6ff3fe4ebb299c362cb897c-32e0dbfc69e20747707f.js","size":34486},{"name":"a7cd5afcfb21beaacb281c87bd6b83abd23cd637-bb0fd3e821001ed48a74.js","size":108846},{"name":"component---src-pages-contact-us-js-72ac1e2c2f2116f78a4d.js","size":2396}],"filteredAssets":0,"assetsSize":213735,"filteredAuxiliaryAssets":6,"auxiliaryAssetsSize":800036},"component---src-pages-faq-js":{"name":"component---src-pages-faq-js","assets":[{"name":"styles.b9048438553eeafc66cd.css","size":68007},{"name":"framework-7fba185ab6dd38e2e7c9.js","size":141439},{"name":"7bd54ad640a90271f6ff3fe4ebb299c362cb897c-32e0dbfc69e20747707f.js","size":34486},{"name":"dc5864aed9eaef00ef56ba83bb15f1753add95cf-ab51a4a5dce316c65a62.js","size":56612},{"name":"a30caa42bdaff1e700381af342d87a2500504db7-6accb01b1f0385c88d83.js","size":33518},{"name":"component---src-pages-faq-js-d433d53bd9a43facd49f.js","size":6763}],"filteredAssets":0,"assetsSize":340825,"filteredAuxiliaryAssets":8,"auxiliaryAssetsSize":1330890},"component---src-pages-good-neighbor-js":{"name":"component---src-pages-good-neighbor-js","assets":[{"name":"styles.b9048438553eeafc66cd.css","size":68007},{"name":"7bd54ad640a90271f6ff3fe4ebb299c362cb897c-32e0dbfc69e20747707f.js","size":34486},{"name":"component---src-pages-good-neighbor-js-655358c4bcc64a0ce978.js","size":4714}],"filteredAssets":0,"assetsSize":107207,"filteredAuxiliaryAssets":5,"auxiliaryAssetsSize":502443},"component---src-pages-import-data-js":{"name":"component---src-pages-import-data-js","assets":[{"name":"styles.b9048438553eeafc66cd.css","size":68007},{"name":"component---src-pages-import-data-js-a3e7ca57eefb6d928022.js","size":2321}],"filteredAssets":0,"assetsSize":70328,"filteredAuxiliaryAssets":4,"auxiliaryAssetsSize":373656},"component---src-pages-index-js":{"name":"component---src-pages-index-js","assets":[{"name":"styles.b9048438553eeafc66cd.css","size":68007},{"name":"7bd54ad640a90271f6ff3fe4ebb299c362cb897c-32e0dbfc69e20747707f.js","size":34486},{"name":"f8f60f16ac34edc8310c31efe9a53551d5680bc3-7cbe8a0d35ec7129677f.js","size":30614},{"name":"687cbaf913fb640b219831cd529e971604a3b76a-6e67508b296441cc899d.js","size":127115},{"name":"component---src-pages-index-js-6bfa6158410d9e74abd7.js","size":8493}],"filteredAssets":0,"assetsSize":268715,"filteredAuxiliaryAssets":7,"auxiliaryAssetsSize":1106095},"component---src-pages-management-js":{"name":"component---src-pages-management-js","assets":[{"name":"styles.b9048438553eeafc66cd.css","size":68007},{"name":"framework-7fba185ab6dd38e2e7c9.js","size":141439},{"name":"7bd54ad640a90271f6ff3fe4ebb299c362cb897c-32e0dbfc69e20747707f.js","size":34486},{"name":"dc5864aed9eaef00ef56ba83bb15f1753add95cf-ab51a4a5dce316c65a62.js","size":56612},{"name":"a30caa42bdaff1e700381af342d87a2500504db7-6accb01b1f0385c88d83.js","size":33518},{"name":"component---src-pages-management-js-361a202fdebebc4b49aa.js","size":10880}],"filteredAssets":0,"assetsSize":344942,"filteredAuxiliaryAssets":8,"auxiliaryAssetsSize":1335716},"component---src-pages-page-2-js":{"name":"component---src-pages-page-2-js","assets":[{"name":"styles.b9048438553eeafc66cd.css","size":68007},{"name":"7bd54ad640a90271f6ff3fe4ebb299c362cb897c-32e0dbfc69e20747707f.js","size":34486},{"name":"component---src-pages-page-2-js-667a6b25e53670fa96ef.js","size":1422}],"filteredAssets":0,"assetsSize":103915,"filteredAuxiliaryAssets":5,"auxiliaryAssetsSize":499057},"component---src-pages-privacy-policy-js":{"name":"component---src-pages-privacy-policy-js","assets":[{"name":"styles.b9048438553eeafc66cd.css","size":68007},{"name":"7bd54ad640a90271f6ff3fe4ebb299c362cb897c-32e0dbfc69e20747707f.js","size":34486},{"name":"component---src-pages-privacy-policy-js-f253e8055a90fbccdeec.js","size":17062}],"filteredAssets":0,"assetsSize":119555,"filteredAuxiliaryAssets":5,"auxiliaryAssetsSize":517588},"component---src-pages-properties-detail-js":{"name":"component---src-pages-properties-detail-js","assets":[{"name":"styles.b9048438553eeafc66cd.css","size":68007},{"name":"framework-7fba185ab6dd38e2e7c9.js","size":141439},{"name":"c16184b3-3cb0734c5ccb6c939fe2.js","size":46759},{"name":"7bd54ad640a90271f6ff3fe4ebb299c362cb897c-32e0dbfc69e20747707f.js","size":34486},{"name":"dc5864aed9eaef00ef56ba83bb15f1753add95cf-ab51a4a5dce316c65a62.js","size":56612},{"name":"f8f60f16ac34edc8310c31efe9a53551d5680bc3-7cbe8a0d35ec7129677f.js","size":30614},{"name":"a7cd5afcfb21beaacb281c87bd6b83abd23cd637-bb0fd3e821001ed48a74.js","size":108846},{"name":"component---src-pages-properties-detail-js-eb5d2930c8135b52f580.js","size":375183}],"filteredAssets":0,"assetsSize":861946,"filteredAuxiliaryAssets":10,"auxiliaryAssetsSize":3980670},"component---src-pages-properties-js":{"name":"component---src-pages-properties-js","assets":[{"name":"styles.b9048438553eeafc66cd.css","size":68007},{"name":"framework-7fba185ab6dd38e2e7c9.js","size":141439},{"name":"7bd54ad640a90271f6ff3fe4ebb299c362cb897c-32e0dbfc69e20747707f.js","size":34486},{"name":"dc5864aed9eaef00ef56ba83bb15f1753add95cf-ab51a4a5dce316c65a62.js","size":56612},{"name":"f8f60f16ac34edc8310c31efe9a53551d5680bc3-7cbe8a0d35ec7129677f.js","size":30614},{"name":"687cbaf913fb640b219831cd529e971604a3b76a-6e67508b296441cc899d.js","size":127115},{"name":"component---src-pages-properties-js-f53b0fa9368b9d2fe265.js","size":7375}],"filteredAssets":0,"assetsSize":465648,"filteredAuxiliaryAssets":9,"auxiliaryAssetsSize":1765887},"component---src-pages-rental-agreement-js":{"name":"component---src-pages-rental-agreement-js","assets":[{"name":"styles.b9048438553eeafc66cd.css","size":68007},{"name":"7bd54ad640a90271f6ff3fe4ebb299c362cb897c-32e0dbfc69e20747707f.js","size":34486},{"name":"component---src-pages-rental-agreement-js-31202acce50fd0e7aafd.js","size":17066}],"filteredAssets":0,"assetsSize":119559,"filteredAuxiliaryAssets":5,"auxiliaryAssetsSize":518299},"component---src-pages-using-ssr-js":{"name":"component---src-pages-using-ssr-js","assets":[{"name":"styles.b9048438553eeafc66cd.css","size":68007},{"name":"7bd54ad640a90271f6ff3fe4ebb299c362cb897c-32e0dbfc69e20747707f.js","size":34486},{"name":"component---src-pages-using-ssr-js-f42764796cd0a224bad7.js","size":2004}],"filteredAssets":0,"assetsSize":104497,"filteredAuxiliaryAssets":5,"auxiliaryAssetsSize":500492},"component---src-pages-using-typescript-tsx":{"name":"component---src-pages-using-typescript-tsx","assets":[{"name":"styles.b9048438553eeafc66cd.css","size":68007},{"name":"7bd54ad640a90271f6ff3fe4ebb299c362cb897c-32e0dbfc69e20747707f.js","size":34486},{"name":"component---src-pages-using-typescript-tsx-4f2758a98917f9f84641.js","size":2335}],"filteredAssets":0,"assetsSize":104828,"filteredAuxiliaryAssets":5,"auxiliaryAssetsSize":500776}},"assetsByChunkName":{"app":["webpack-runtime-4f4154e5345bc26d6e11.js","framework-7fba185ab6dd38e2e7c9.js","app-e8c96cc1e206856e48bb.js"],"component---src-pages-404-js":["styles.b9048438553eeafc66cd.css","7bd54ad640a90271f6ff3fe4ebb299c362cb897c-32e0dbfc69e20747707f.js","component---src-pages-404-js-2478af101bcef4ee78ca.js"],"component---src-pages-about-us-js":["styles.b9048438553eeafc66cd.css","7bd54ad640a90271f6ff3fe4ebb299c362cb897c-32e0dbfc69e20747707f.js","component---src-pages-about-us-js-895db23408bd33035f53.js"],"component---src-pages-blog-js":["styles.b9048438553eeafc66cd.css","7bd54ad640a90271f6ff3fe4ebb299c362cb897c-32e0dbfc69e20747707f.js","component---src-pages-blog-js-4a7aeebb5d4afb23112d.js"],"component---src-pages-contact-us-js":["styles.b9048438553eeafc66cd.css","7bd54ad640a90271f6ff3fe4ebb299c362cb897c-32e0dbfc69e20747707f.js","a7cd5afcfb21beaacb281c87bd6b83abd23cd637-bb0fd3e821001ed48a74.js","component---src-pages-contact-us-js-72ac1e2c2f2116f78a4d.js"],"component---src-pages-faq-js":["styles.b9048438553eeafc66cd.css","framework-7fba185ab6dd38e2e7c9.js","7bd54ad640a90271f6ff3fe4ebb299c362cb897c-32e0dbfc69e20747707f.js","dc5864aed9eaef00ef56ba83bb15f1753add95cf-ab51a4a5dce316c65a62.js","a30caa42bdaff1e700381af342d87a2500504db7-6accb01b1f0385c88d83.js","component---src-pages-faq-js-d433d53bd9a43facd49f.js"],"component---src-pages-good-neighbor-js":["styles.b9048438553eeafc66cd.css","7bd54ad640a90271f6ff3fe4ebb299c362cb897c-32e0dbfc69e20747707f.js","component---src-pages-good-neighbor-js-655358c4bcc64a0ce978.js"],"component---src-pages-import-data-js":["styles.b9048438553eeafc66cd.css","component---src-pages-import-data-js-a3e7ca57eefb6d928022.js"],"component---src-pages-index-js":["styles.b9048438553eeafc66cd.css","7bd54ad640a90271f6ff3fe4ebb299c362cb897c-32e0dbfc69e20747707f.js","f8f60f16ac34edc8310c31efe9a53551d5680bc3-7cbe8a0d35ec7129677f.js","687cbaf913fb640b219831cd529e971604a3b76a-6e67508b296441cc899d.js","component---src-pages-index-js-6bfa6158410d9e74abd7.js"],"component---src-pages-management-js":["styles.b9048438553eeafc66cd.css","framework-7fba185ab6dd38e2e7c9.js","7bd54ad640a90271f6ff3fe4ebb299c362cb897c-32e0dbfc69e20747707f.js","dc5864aed9eaef00ef56ba83bb15f1753add95cf-ab51a4a5dce316c65a62.js","a30caa42bdaff1e700381af342d87a2500504db7-6accb01b1f0385c88d83.js","component---src-pages-management-js-361a202fdebebc4b49aa.js"],"component---src-pages-page-2-js":["styles.b9048438553eeafc66cd.css","7bd54ad640a90271f6ff3fe4ebb299c362cb897c-32e0dbfc69e20747707f.js","component---src-pages-page-2-js-667a6b25e53670fa96ef.js"],"component---src-pages-privacy-policy-js":["styles.b9048438553eeafc66cd.css","7bd54ad640a90271f6ff3fe4ebb299c362cb897c-32e0dbfc69e20747707f.js","component---src-pages-privacy-policy-js-f253e8055a90fbccdeec.js"],"component---src-pages-properties-detail-js":["styles.b9048438553eeafc66cd.css","framework-7fba185ab6dd38e2e7c9.js","c16184b3-3cb0734c5ccb6c939fe2.js","7bd54ad640a90271f6ff3fe4ebb299c362cb897c-32e0dbfc69e20747707f.js","dc5864aed9eaef00ef56ba83bb15f1753add95cf-ab51a4a5dce316c65a62.js","f8f60f16ac34edc8310c31efe9a53551d5680bc3-7cbe8a0d35ec7129677f.js","a7cd5afcfb21beaacb281c87bd6b83abd23cd637-bb0fd3e821001ed48a74.js","component---src-pages-properties-detail-js-eb5d2930c8135b52f580.js"],"component---src-pages-properties-js":["styles.b9048438553eeafc66cd.css","framework-7fba185ab6dd38e2e7c9.js","7bd54ad640a90271f6ff3fe4ebb299c362cb897c-32e0dbfc69e20747707f.js","dc5864aed9eaef00ef56ba83bb15f1753add95cf-ab51a4a5dce316c65a62.js","f8f60f16ac34edc8310c31efe9a53551d5680bc3-7cbe8a0d35ec7129677f.js","687cbaf913fb640b219831cd529e971604a3b76a-6e67508b296441cc899d.js","component---src-pages-properties-js-f53b0fa9368b9d2fe265.js"],"component---src-pages-rental-agreement-js":["styles.b9048438553eeafc66cd.css","7bd54ad640a90271f6ff3fe4ebb299c362cb897c-32e0dbfc69e20747707f.js","component---src-pages-rental-agreement-js-31202acce50fd0e7aafd.js"],"component---src-pages-using-ssr-js":["styles.b9048438553eeafc66cd.css","7bd54ad640a90271f6ff3fe4ebb299c362cb897c-32e0dbfc69e20747707f.js","component---src-pages-using-ssr-js-f42764796cd0a224bad7.js"],"component---src-pages-using-typescript-tsx":["styles.b9048438553eeafc66cd.css","7bd54ad640a90271f6ff3fe4ebb299c362cb897c-32e0dbfc69e20747707f.js","component---src-pages-using-typescript-tsx-4f2758a98917f9f84641.js"]},"childAssetsByChunkName":{}}