{"name":"build-javascript","namedChunkGroups":{"app":{"name":"app","assets":[{"name":"webpack-runtime-ac94e3bf72f6a773646e.js","size":6041},{"name":"framework-7fba185ab6dd38e2e7c9.js","size":141439},{"name":"app-c7ee4202791cfcf5b8a6.js","size":69601}],"filteredAssets":0,"assetsSize":217081,"filteredAuxiliaryAssets":3,"auxiliaryAssetsSize":623071},"component---src-pages-404-js":{"name":"component---src-pages-404-js","assets":[{"name":"styles.2fd57be3859bf87485b2.css","size":64561},{"name":"commons-cadf404ea7718c9e1008.js","size":34420},{"name":"component---src-pages-404-js-2478af101bcef4ee78ca.js","size":1384}],"filteredAssets":0,"assetsSize":100365,"filteredAuxiliaryAssets":5,"auxiliaryAssetsSize":498918},"component---src-pages-about-us-js":{"name":"component---src-pages-about-us-js","assets":[{"name":"styles.2fd57be3859bf87485b2.css","size":64561},{"name":"commons-cadf404ea7718c9e1008.js","size":34420},{"name":"component---src-pages-about-us-js-895db23408bd33035f53.js","size":5718}],"filteredAssets":0,"assetsSize":104699,"filteredAuxiliaryAssets":5,"auxiliaryAssetsSize":503724},"component---src-pages-blog-js":{"name":"component---src-pages-blog-js","assets":[{"name":"styles.2fd57be3859bf87485b2.css","size":64561},{"name":"commons-cadf404ea7718c9e1008.js","size":34420},{"name":"component---src-pages-blog-js-4a7aeebb5d4afb23112d.js","size":1602}],"filteredAssets":0,"assetsSize":100583,"filteredAuxiliaryAssets":5,"auxiliaryAssetsSize":498094},"component---src-pages-contact-us-js":{"name":"component---src-pages-contact-us-js","assets":[{"name":"styles.2fd57be3859bf87485b2.css","size":64561},{"name":"commons-cadf404ea7718c9e1008.js","size":34420},{"name":"a7cd5afcfb21beaacb281c87bd6b83abd23cd637-bb0fd3e821001ed48a74.js","size":108846},{"name":"component---src-pages-contact-us-js-72ac1e2c2f2116f78a4d.js","size":2396}],"filteredAssets":0,"assetsSize":210223,"filteredAuxiliaryAssets":6,"auxiliaryAssetsSize":800003},"component---src-pages-faq-js":{"name":"component---src-pages-faq-js","assets":[{"name":"styles.2fd57be3859bf87485b2.css","size":64561},{"name":"framework-7fba185ab6dd38e2e7c9.js","size":141439},{"name":"commons-cadf404ea7718c9e1008.js","size":34420},{"name":"a30caa42bdaff1e700381af342d87a2500504db7-d92983abf7e36dce7ed8.js","size":89608},{"name":"component---src-pages-faq-js-36e1b982bb44f4cd8051.js","size":6731}],"filteredAssets":0,"assetsSize":336759,"filteredAuxiliaryAssets":7,"auxiliaryAssetsSize":1330526},"component---src-pages-good-neighbor-js":{"name":"component---src-pages-good-neighbor-js","assets":[{"name":"styles.2fd57be3859bf87485b2.css","size":64561},{"name":"commons-cadf404ea7718c9e1008.js","size":34420},{"name":"component---src-pages-good-neighbor-js-655358c4bcc64a0ce978.js","size":4714}],"filteredAssets":0,"assetsSize":103695,"filteredAuxiliaryAssets":5,"auxiliaryAssetsSize":502410},"component---src-pages-index-js":{"name":"component---src-pages-index-js","assets":[{"name":"styles.2fd57be3859bf87485b2.css","size":64561},{"name":"commons-cadf404ea7718c9e1008.js","size":34420},{"name":"687cbaf913fb640b219831cd529e971604a3b76a-1b4644ea5a19fa655149.js","size":157262},{"name":"component---src-pages-index-js-fcbd1b05acd9ba8e53ca.js","size":8135}],"filteredAssets":0,"assetsSize":264378,"filteredAuxiliaryAssets":6,"auxiliaryAssetsSize":1107183},"component---src-pages-management-js":{"name":"component---src-pages-management-js","assets":[{"name":"styles.2fd57be3859bf87485b2.css","size":64561},{"name":"framework-7fba185ab6dd38e2e7c9.js","size":141439},{"name":"commons-cadf404ea7718c9e1008.js","size":34420},{"name":"a30caa42bdaff1e700381af342d87a2500504db7-d92983abf7e36dce7ed8.js","size":89608},{"name":"component---src-pages-management-js-9270422c53d370824146.js","size":10916}],"filteredAssets":0,"assetsSize":340944,"filteredAuxiliaryAssets":7,"auxiliaryAssetsSize":1335391},"component---src-pages-page-2-js":{"name":"component---src-pages-page-2-js","assets":[{"name":"styles.2fd57be3859bf87485b2.css","size":64561},{"name":"commons-cadf404ea7718c9e1008.js","size":34420},{"name":"component---src-pages-page-2-js-667a6b25e53670fa96ef.js","size":1422}],"filteredAssets":0,"assetsSize":100403,"filteredAuxiliaryAssets":5,"auxiliaryAssetsSize":499024},"component---src-pages-privacy-policy-js":{"name":"component---src-pages-privacy-policy-js","assets":[{"name":"styles.2fd57be3859bf87485b2.css","size":64561},{"name":"commons-cadf404ea7718c9e1008.js","size":34420},{"name":"component---src-pages-privacy-policy-js-f253e8055a90fbccdeec.js","size":17062}],"filteredAssets":0,"assetsSize":116043,"filteredAuxiliaryAssets":5,"auxiliaryAssetsSize":517555},"component---src-pages-properties-detail-js":{"name":"component---src-pages-properties-detail-js","assets":[{"name":"styles.2fd57be3859bf87485b2.css","size":64561},{"name":"commons-cadf404ea7718c9e1008.js","size":34420},{"name":"a7cd5afcfb21beaacb281c87bd6b83abd23cd637-bb0fd3e821001ed48a74.js","size":108846},{"name":"component---src-pages-properties-detail-js-1100507e93c9a51a236f.js","size":263324}],"filteredAssets":0,"assetsSize":471151,"filteredAuxiliaryAssets":6,"auxiliaryAssetsSize":1837726},"component---src-pages-properties-js":{"name":"component---src-pages-properties-js","assets":[{"name":"styles.2fd57be3859bf87485b2.css","size":64561},{"name":"commons-cadf404ea7718c9e1008.js","size":34420},{"name":"687cbaf913fb640b219831cd529e971604a3b76a-1b4644ea5a19fa655149.js","size":157262},{"name":"component---src-pages-properties-js-5b766f54d89519c8befe.js","size":2863}],"filteredAssets":0,"assetsSize":259106,"filteredAuxiliaryAssets":6,"auxiliaryAssetsSize":1099265},"component---src-pages-rental-agreement-js":{"name":"component---src-pages-rental-agreement-js","assets":[{"name":"styles.2fd57be3859bf87485b2.css","size":64561},{"name":"commons-cadf404ea7718c9e1008.js","size":34420},{"name":"component---src-pages-rental-agreement-js-31202acce50fd0e7aafd.js","size":17066}],"filteredAssets":0,"assetsSize":116047,"filteredAuxiliaryAssets":5,"auxiliaryAssetsSize":518266},"component---src-pages-using-ssr-js":{"name":"component---src-pages-using-ssr-js","assets":[{"name":"styles.2fd57be3859bf87485b2.css","size":64561},{"name":"commons-cadf404ea7718c9e1008.js","size":34420},{"name":"component---src-pages-using-ssr-js-f42764796cd0a224bad7.js","size":2004}],"filteredAssets":0,"assetsSize":100985,"filteredAuxiliaryAssets":5,"auxiliaryAssetsSize":500459},"component---src-pages-using-typescript-tsx":{"name":"component---src-pages-using-typescript-tsx","assets":[{"name":"styles.2fd57be3859bf87485b2.css","size":64561},{"name":"commons-cadf404ea7718c9e1008.js","size":34420},{"name":"component---src-pages-using-typescript-tsx-4f2758a98917f9f84641.js","size":2335}],"filteredAssets":0,"assetsSize":101316,"filteredAuxiliaryAssets":5,"auxiliaryAssetsSize":500743}},"assetsByChunkName":{"app":["webpack-runtime-ac94e3bf72f6a773646e.js","framework-7fba185ab6dd38e2e7c9.js","app-c7ee4202791cfcf5b8a6.js"],"component---src-pages-404-js":["styles.2fd57be3859bf87485b2.css","commons-cadf404ea7718c9e1008.js","component---src-pages-404-js-2478af101bcef4ee78ca.js"],"component---src-pages-about-us-js":["styles.2fd57be3859bf87485b2.css","commons-cadf404ea7718c9e1008.js","component---src-pages-about-us-js-895db23408bd33035f53.js"],"component---src-pages-blog-js":["styles.2fd57be3859bf87485b2.css","commons-cadf404ea7718c9e1008.js","component---src-pages-blog-js-4a7aeebb5d4afb23112d.js"],"component---src-pages-contact-us-js":["styles.2fd57be3859bf87485b2.css","commons-cadf404ea7718c9e1008.js","a7cd5afcfb21beaacb281c87bd6b83abd23cd637-bb0fd3e821001ed48a74.js","component---src-pages-contact-us-js-72ac1e2c2f2116f78a4d.js"],"component---src-pages-faq-js":["styles.2fd57be3859bf87485b2.css","framework-7fba185ab6dd38e2e7c9.js","commons-cadf404ea7718c9e1008.js","a30caa42bdaff1e700381af342d87a2500504db7-d92983abf7e36dce7ed8.js","component---src-pages-faq-js-36e1b982bb44f4cd8051.js"],"component---src-pages-good-neighbor-js":["styles.2fd57be3859bf87485b2.css","commons-cadf404ea7718c9e1008.js","component---src-pages-good-neighbor-js-655358c4bcc64a0ce978.js"],"component---src-pages-index-js":["styles.2fd57be3859bf87485b2.css","commons-cadf404ea7718c9e1008.js","687cbaf913fb640b219831cd529e971604a3b76a-1b4644ea5a19fa655149.js","component---src-pages-index-js-fcbd1b05acd9ba8e53ca.js"],"component---src-pages-management-js":["styles.2fd57be3859bf87485b2.css","framework-7fba185ab6dd38e2e7c9.js","commons-cadf404ea7718c9e1008.js","a30caa42bdaff1e700381af342d87a2500504db7-d92983abf7e36dce7ed8.js","component---src-pages-management-js-9270422c53d370824146.js"],"component---src-pages-page-2-js":["styles.2fd57be3859bf87485b2.css","commons-cadf404ea7718c9e1008.js","component---src-pages-page-2-js-667a6b25e53670fa96ef.js"],"component---src-pages-privacy-policy-js":["styles.2fd57be3859bf87485b2.css","commons-cadf404ea7718c9e1008.js","component---src-pages-privacy-policy-js-f253e8055a90fbccdeec.js"],"component---src-pages-properties-detail-js":["styles.2fd57be3859bf87485b2.css","commons-cadf404ea7718c9e1008.js","a7cd5afcfb21beaacb281c87bd6b83abd23cd637-bb0fd3e821001ed48a74.js","component---src-pages-properties-detail-js-1100507e93c9a51a236f.js"],"component---src-pages-properties-js":["styles.2fd57be3859bf87485b2.css","commons-cadf404ea7718c9e1008.js","687cbaf913fb640b219831cd529e971604a3b76a-1b4644ea5a19fa655149.js","component---src-pages-properties-js-5b766f54d89519c8befe.js"],"component---src-pages-rental-agreement-js":["styles.2fd57be3859bf87485b2.css","commons-cadf404ea7718c9e1008.js","component---src-pages-rental-agreement-js-31202acce50fd0e7aafd.js"],"component---src-pages-using-ssr-js":["styles.2fd57be3859bf87485b2.css","commons-cadf404ea7718c9e1008.js","component---src-pages-using-ssr-js-f42764796cd0a224bad7.js"],"component---src-pages-using-typescript-tsx":["styles.2fd57be3859bf87485b2.css","commons-cadf404ea7718c9e1008.js","component---src-pages-using-typescript-tsx-4f2758a98917f9f84641.js"]},"childAssetsByChunkName":{}}